pid,n_covered,ei_mean,ei_median,ei_std,excit_density,inhib_density,n_voxels,coverage,division,structure,acronym
1113,812,1.0,1.0,0.0,0.60859495,0.0,4410,0.18412698412698414,HY,TMd,TMd
1315,895,1.0,1.0,0.0,0.5060323,0.0,4809,0.18610937824911625,HY,MM,MMp
722,4535,0.9998992,1.0,0.00483031,0.34655982,9.425624e-06,9524,0.4761654766904662,HY,MM,MMme
1314,8358,0.999347,1.0,0.020198788,0.35963124,3.452726e-05,16939,0.4934175571167129,HY,MM,MMm
59,9867,0.999113,1.0,0.024808545,0.3838875,9.559671e-05,20143,0.48984758973340614,TH,AD,AD
1102,6325,0.9989113,1.0,0.029978419,0.18798853,7.176763e-05,14032,0.4507554161915621,TH,IAD,IAD
182,4698,0.9985792,1.0,0.033370536,0.26838186,6.14746e-05,11358,0.41362916006339145,TH,RH,RH
919,3100,0.9963901,1.0,0.02360611,0.3214186,0.0022065109,6737,0.4601454653406561,Isocortex,SSp-n,SSp-n6b
589,10981,0.9962116,1.0,0.058027525,0.22735575,0.00011913801,31227,0.35165081499983986,TH,CM,CM
1302,4254,0.99520123,1.0,0.042949528,0.26778182,0.0011348226,10957,0.3882449575613763,TH,Xi,Xi
970,3443,0.9906599,1.0,0.09600477,0.45547217,0.00021148397,16481,0.20890722650324617,HY,PMd,PMd
897,10017,0.98538256,1.0,0.110258356,0.15989429,0.00081931544,29842,0.3356678506802493,TH,PCN,PCN
174,19774,0.98532313,1.0,0.09581129,0.22334445,0.0030349793,53049,0.37274972195517353,TH,RE,RE
1061,7919,0.984402,1.0,0.11665225,0.23888846,0.0012499624,21584,0.3668921423276501,TH,MG,MGd
1085,12455,0.9828463,1.0,0.11412789,0.1451651,0.0020644602,30473,0.40872247563416797,TH,AM,AMd
315,7001,0.9813404,1.0,0.110547304,0.20697334,0.002110038,22587,0.3099570549431089,TH,SGN,SGN
1305,1036,0.97767895,1.0,0.13687427,0.1444615,0.0040544523,2820,0.36737588652482267,TH,IntG,IntG
1009,64600,0.9775557,1.0,0.1309643,0.17369781,0.001571657,156601,0.4125133300553636,TH,PO,PO
723,87215,0.97500646,1.0,0.13426198,0.17726643,0.0024360018,205628,0.4241397085999961,TH,VPM,VPM
352,65350,0.97493243,1.0,0.14191604,0.21501938,0.0017394712,172705,0.3783908977736603,TH,MD,MD
2,6398,0.9744772,1.0,0.13683014,0.3064634,0.008754014,14221,0.44989803811265033,Isocortex,SSp-m,SSp-m6b
565,16905,0.97419184,1.0,0.14185709,0.23251873,0.0026785587,45133,0.37455963485697824,TH,CL,CL
774,2952,0.9712345,1.0,0.15210228,0.10093801,0.0019511656,10658,0.2769750422218052,lfbs,cst,cst-unassigned
356,13194,0.9704996,1.0,0.14662236,0.1586067,0.002389264,38315,0.34435599634607855,TH,SMT,SMT
150,44061,0.96855754,1.0,0.1602575,0.21283978,0.010388913,127063,0.34676499059521654,TH,LD,LD
13,12184,0.9679337,1.0,0.15602969,0.25510135,0.002903825,28742,0.42390926170760557,TH,PT,PT
248,22627,0.96608776,1.0,0.1583282,0.16833377,0.010439988,51948,0.43557018557018556,TH,AV,AV
54,8646,0.9655212,1.0,0.16006792,0.21747813,0.0035940143,22055,0.39201995012468827,TH,IMD,IMD
1108,2458,0.96247226,1.0,0.16573614,0.26015514,0.0030885676,5350,0.4594392523364486,TH,IAM,IAM
1313,8817,0.9597228,1.0,0.18205045,0.34374118,0.0028032053,26608,0.3313665063138906,HY,MM,MMl
78,19767,0.95833224,1.0,0.1815917,0.16827932,0.0038669228,63994,0.3088883332812451,MY,IO,IO
619,34633,0.9566666,1.0,0.1922164,0.12161082,0.012224329,102209,0.33884491580976234,TH,VAL,VAL
473,13993,0.95551056,1.0,0.20232815,0.4568268,0.012584747,39993,0.3498862300902658,TH,MH,MH
1295,647,0.9549454,1.0,0.13308428,0.1024091,0.006099962,2042,0.3168462291870715,MB,MA3,MA3
715,5366,0.95494384,1.0,0.1725717,0.13726266,0.004928763,12353,0.4343884076742492,TH,VPLpc,VPLpc
1018,8872,0.95382196,1.0,0.16090508,0.16879855,0.00931529,25690,0.3453483845854418,TH,POL,POL
179,11852,0.9527057,1.0,0.18478976,0.25024405,0.00590203,43031,0.27542934163742416,TH,LH,LH
144,25007,0.9526843,1.0,0.19817716,0.3933887,0.0051441505,55571,0.4500008997498695,TH,PVT,PVT
1068,12930,0.9525711,1.0,0.17175333,0.17614006,0.012335366,34627,0.3734080341929708,TH,MG,MGv
675,42941,0.94785595,1.0,0.2019695,0.11170466,0.013657604,116262,0.36934682011319264,TH,VM,VM
920,25841,0.94683814,1.0,0.20719467,0.2229928,0.008042221,60777,0.42517728746071703,TH,PF,PF
142,806,0.9466052,1.0,0.19469233,0.20493478,0.004983718,1862,0.43286788399570353,P,LC,LC
1300,9637,0.9409316,1.0,0.20059545,0.14958921,0.0071996944,29413,0.3276442389419644,TH,Eth,Eth
1077,10041,0.9392872,1.0,0.20341712,0.14588353,0.016047347,31233,0.32148688886754395,TH,MG,MGm
320,1199,0.9378152,1.0,0.18577768,0.26164886,0.010433389,4001,0.29967508122969255,Isocortex,RSPd,RSPd6b
639,1010,0.9305903,1.0,0.14984123,0.33639154,0.022326726,2778,0.36357091432685384,Isocortex,VISal,VISal6b
921,43705,0.9289288,1.0,0.25551367,0.22023894,0.012248588,120618,0.3623422706395397,P,PG,PG
1221,775,0.9283099,1.0,0.20151815,0.2766655,0.016363773,1994,0.38866599799398194,Isocortex,VISli,VISli6b
236,1607,0.9279112,1.0,0.16783954,0.30986607,0.01890777,3834,0.4191444966092853,Isocortex,AUDd,AUDd6b
965,1224,0.9277886,1.0,0.19752555,0.10348859,0.009374593,3176,0.3853904282115869,MB,EW,EW
412,4112,0.9250243,1.0,0.24440962,0.11457133,0.006010682,16927,0.24292550363324866,TH,SPFp,SPFp
1304,7548,0.9234119,1.0,0.22429621,0.12300951,0.008780023,34948,0.21597802449353326,TH,PoT,PoT
1206,1161,0.922764,1.0,0.17521064,0.2969979,0.022901218,3062,0.3791639451338994,Isocortex,SSp-un,SSp-un6b
153,2178,0.9217787,1.0,0.19752601,0.15170045,0.01670539,6583,0.3308521950478505,cm,IIIn,pc
211,56464,0.9213819,1.0,0.23293039,0.19641796,0.008854806,150307,0.37565782032772926,TH,LP,LP
1214,2232,0.9201557,1.0,0.18084323,0.33173347,0.023216037,5053,0.44171779141104295,Isocortex,VISa,VISa6b
591,4783,0.92005193,0.99973017,0.15140705,0.38032943,0.031753927,13967,0.3424500608577361,Isocortex,VISal,VISal6a
1015,3588,0.92003787,1.0,0.2219925,0.25063697,0.015079094,9162,0.39161755075311067,Isocortex,SSp-ul,SSp-ul6b
1051,7471,0.9198825,1.0,0.17562799,0.33750916,0.026030406,18346,0.4072277335658999,Isocortex,SSp-bfd,SSp-bfd6b
1227,1087,0.9183574,1.0,0.16261867,0.31518006,0.026125712,3546,0.3065425831923294,Isocortex,VISrl,VISrl6b
743,696,0.9173005,1.0,0.27473357,0.122164816,0.0054289056,4178,0.1665868836764002,mfbs,mfsbshy,pm
431,1380,0.91700494,1.0,0.18982796,0.31630692,0.024378954,2910,0.4742268041237113,Isocortex,VISam,VISam6b
1093,9555,0.91684145,1.0,0.25902656,0.12664936,0.0344484,20801,0.45935291572520554,TH,AM,AMv
872,9608,0.91673136,1.0,0.20627841,0.331774,0.024637042,23016,0.41744873131734445,Isocortex,MOp,MOp6b
601,1367,0.9159593,1.0,0.277404,0.30519247,0.018226964,5971,0.22893987606766036,mfbs,mfsbshy,hbc
573,30459,0.91532177,1.0,0.18302438,0.4001716,0.050721824,68844,0.4424350705943873,CTXsp,CLA,CLA
708,45303,0.912706,1.0,0.26054725,0.13811138,0.02099038,109447,0.4139263753232158,TH,VPL,VPL
1286,21049,0.9119688,1.0,0.22423881,0.19109897,0.013519754,52391,0.40176747914718175,TH,LGd,LGd-co
543,1430,0.91106975,1.0,0.2839159,0.05291073,0.0033615716,18273,0.07825753844469983,cbf,cbp,icp
116,2150,0.9098731,1.0,0.18746658,0.38119242,0.031018017,4788,0.4490392648287385,Isocortex,VISl,VISl6b
270,1440,0.90789175,1.0,0.22552975,0.2895203,0.01927597,4325,0.3329479768786127,Isocortex,RSPagl,RSPagl6b
250,5299,0.90632075,0.9693009,0.16546983,0.49616244,0.04768497,18906,0.28028139215064,Isocortex,VISpm,VISpm6a
1091,89959,0.90505815,1.0,0.18465208,0.33372486,0.036979847,206544,0.43554400030986135,Isocortex,SSp-m,SSp-m6a
1226,6331,0.9042029,0.9798331,0.16791935,0.39738616,0.03868619,18916,0.3346902093465849,Isocortex,VISrl,VISrl6a
1220,4446,0.9041758,0.98435414,0.1673956,0.37883946,0.036978137,9950,0.44683417085427135,Isocortex,VISli,VISli6a
883,11432,0.9027881,1.0,0.23061948,0.3337017,0.045815744,26001,0.43967539710011155,Isocortex,SSs,SSs6b
879,40622,0.8988132,1.0,0.19543913,0.3279406,0.033291448,100581,0.40387349499408437,Isocortex,SSp-n,SSp-n6a
29,54145,0.8968303,0.9589176,0.17502467,0.48725525,0.04885845,133841,0.40454718658706973,Isocortex,VISp,VISp6a
1035,8957,0.8967079,0.95739734,0.16652995,0.46979296,0.053822335,17393,0.5149772897142528,Isocortex,VISam,VISam6a
628,22934,0.89538133,1.0,0.23126706,0.3021993,0.032856766,54799,0.4185112867023121,Isocortex,GU,GU6a
852,108576,0.89463294,1.0,0.19968994,0.32470968,0.03647638,259152,0.41896647527319875,Isocortex,SSs,SSs6a
242,4534,0.89380264,0.9636664,0.17057122,0.41088575,0.04533442,9959,0.45526659303142886,Isocortex,AUDpo,AUDpo6a
809,3206,0.8917664,1.0,0.2193549,0.38177627,0.036314584,7760,0.4131443298969072,Isocortex,ACAv,ACAv6b
446,941,0.8905194,0.98101455,0.18212771,0.29556924,0.04083088,2191,0.42948425376540394,Isocortex,AUDpo,AUDpo6b
1027,69427,0.885302,0.9777697,0.20001747,0.39092022,0.044444185,161992,0.4285828929823695,Isocortex,SSp-bfd,SSp-bfd6a
69,11949,0.8844547,0.96857995,0.19156092,0.43551144,0.05085569,25896,0.46142261353104724,Isocortex,VISl,VISl6a
510,16818,0.88285995,0.9546249,0.17722926,0.36152846,0.045924265,35110,0.4790088293933352,Isocortex,AUDv,AUDv6a
1213,12830,0.8809742,0.95065546,0.18266219,0.4400035,0.0558518,27881,0.46017000824934545,Isocortex,VISa,VISa6a
935,46705,0.88026345,0.9860356,0.20452331,0.33298653,0.044194493,117713,0.3967701103531471,Isocortex,SSp-ul,SSp-ul6a
689,179,0.87851393,1.0,0.245901,0.39889252,0.045617077,387,0.4625322997416021,Isocortex,AIv,AIv6b
612,2030,0.8781817,1.0,0.22784123,0.2653046,0.02767221,6070,0.3344316309719934,Isocortex,RSPv,RSPv6b
295,8286,0.87811214,0.9671037,0.20743005,0.38574058,0.04148485,20614,0.4019598331231202,Isocortex,VISp,VISp6b
358,674,0.87706023,1.0,0.21919727,0.29183173,0.036311578,1652,0.40799031476997577,Isocortex,PERI,PERI6b
190,2541,0.8764592,1.0,0.30323943,0.07522804,0.010090375,6985,0.3637795275590551,MB,RL,RL
719,29409,0.8754967,0.9641635,0.19507408,0.3523881,0.049590312,65401,0.4496720233635571,Isocortex,TEa,TEa6a
944,16172,0.8754306,0.97285056,0.20654494,0.3501357,0.041248914,37213,0.43457931368070296,Isocortex,AUDp,AUDp6a
1205,14365,0.87432,0.96331775,0.20916784,0.35221073,0.043981835,36767,0.39070362009410614,Isocortex,SSp-un,SSp-un6a
731,12090,0.87307346,1.0,0.2969008,0.1592921,0.025444636,26859,0.4501284485647269,TH,VPMpc,VPMpc
151,10600,0.8727688,0.9632046,0.20494081,0.3867119,0.046887413,23045,0.45996962464742897,Isocortex,AUDd,AUDd6a
994,6784,0.87150633,1.0,0.27167138,0.36960068,0.045602668,24404,0.2779872152106212,HY,PMv,PMv
478,1477,0.8714998,0.9577159,0.20237997,0.41645092,0.055778667,5236,0.2820855614973262,Isocortex,ORBl,ORBl6b
459,923,0.86402345,1.0,0.24488603,0.28160435,0.029786937,3601,0.2563176895306859,Isocortex,VISpm,VISpm6b
800,21993,0.8640155,0.9203627,0.19009645,0.55096805,0.089291275,45417,0.48424598718541517,Isocortex,ACAv,ACAv6a
1311,381,0.8608494,1.0,0.29348958,0.17093858,0.030448725,1820,0.20934065934065935,MB,SCO,SCO
420,50873,0.86084014,0.9082801,0.18831885,0.6044007,0.09393381,126637,0.4017230351319125,Isocortex,RSPv,RSPv2/3
811,104997,0.8605828,0.91305405,0.19735792,0.5028109,0.06927692,249847,0.42024519005631444,Isocortex,VISp,VISp2/3
1285,8609,0.8596795,1.0,0.30948067,0.21486166,0.012300269,25911,0.33225271120373584,TH,LGd,LGd-sh
8,7198,0.85933197,0.92770916,0.20225465,0.41276073,0.06366727,29102,0.24733695278675005,Isocortex,SSp-tr,SSp-tr6a
896,17148,0.8576948,0.9494899,0.22993158,0.39609918,0.048747197,51495,0.333003204194582,Isocortex,RSPagl,RSPagl6a
821,2384,0.8569869,1.0,0.2749437,0.38065812,0.06787603,6051,0.39398446537762355,Isocortex,AId,AId6b
670,485,0.8508788,0.923918,0.20996937,0.34931293,0.05908364,1168,0.4152397260273973,Isocortex,ORBvl,ORBvl6b
588,2583,0.85031825,0.96489966,0.22362831,0.26825777,0.046927147,5768,0.44781553398058255,Isocortex,AUDv,AUDv6b
36,12188,0.8501182,0.8782718,0.17380089,0.5601062,0.091483,36600,0.3330054644808743,Isocortex,VISpm,VISpm2/3
847,24922,0.8469346,1.0,0.26218322,0.24189855,0.03870562,66797,0.37310058834977616,Isocortex,VISC,VISC6a
633,7481,0.8466426,0.87805915,0.17915052,0.46822265,0.08443237,18374,0.4071514096005225,Isocortex,AUDpo,AUDpo2/3
967,18887,0.84404093,0.9985133,0.2561766,0.22267851,0.037682258,48509,0.38935042981714735,Isocortex,ECT,ECT6a
244,27924,0.8440003,0.8902124,0.19652341,0.46162745,0.08028336,59035,0.473007537901245,Isocortex,AUDp,AUDp2/3
839,2844,0.8425579,1.0,0.27761266,0.3283761,0.08466496,6516,0.43646408839779005,Isocortex,VISC,VISC6b
1075,4234,0.84086037,0.91147244,0.2221724,0.51405215,0.0736717,19091,0.22177989628620817,Isocortex,SSp-tr,SSp-tr4
909,36037,0.83798295,0.93402994,0.24340199,0.37503174,0.056517158,87378,0.4124264689052164,Isocortex,ACAd,ACAd6a
286,32244,0.8358493,0.8797245,0.1955843,0.5241413,0.09895223,62831,0.5131861660645223,Isocortex,ACAv,ACAv2/3
1055,13591,0.8358022,0.88470215,0.2028852,0.54202205,0.09435903,25897,0.5248098235316833,Isocortex,VISam,VISam2/3
1233,8901,0.835003,1.0,0.3062903,0.26596206,0.031037128,22542,0.39486292254458344,Isocortex,VISpor,VISpor6a
1223,13963,0.8336846,0.88528675,0.21023257,0.47941297,0.07955168,34565,0.4039635469405468,Isocortex,VISrl,VISrl2/3
1287,5139,0.833621,0.98713166,0.29353812,0.24271771,0.023620103,11983,0.4288575481932738,TH,LGd,LGd-ip
665,8054,0.83247346,1.0,0.29466227,0.33836454,0.06630012,20968,0.38410911865700115,Isocortex,AIv,AIv6a
1210,22565,0.83200425,0.8703675,0.1969945,0.51416844,0.09523992,53324,0.423167804365764,Isocortex,VISa,VISa2/3
424,48682,0.83100516,0.87734956,0.20358135,0.48393154,0.088855565,121495,0.40069138647680974,Isocortex,RSPd,RSPd2/3
1234,1880,0.83037174,0.9779751,0.28099462,0.26707447,0.034217525,4117,0.456643186786495,Isocortex,VISpor,VISpor6b
572,18788,0.82948196,0.8779868,0.21552086,0.49133053,0.0892731,39603,0.47440850440623183,Isocortex,ORBm,ORBm2/3
546,7951,0.8285047,0.8765884,0.2035824,0.48359984,0.08675962,17591,0.4519924961628105,Isocortex,ILA,ILA2/3
468,29995,0.8277149,0.9395563,0.25874352,0.32462272,0.047599595,66027,0.45428385357505263,Isocortex,SSp-ll,SSp-ll6a
580,27785,0.82698584,0.91343445,0.2460007,0.3423914,0.05833571,82444,0.33701664159914607,Isocortex,RSPv,RSPv6a
995,2792,0.82602024,0.9731232,0.27377877,0.26606128,0.041503523,6896,0.4048723897911833,Isocortex,AUDp,AUDp6b
963,16658,0.8257605,0.87347686,0.20589374,0.51069117,0.096627265,37680,0.4420912951167728,Isocortex,VISl,VISl2/3
460,13138,0.82507765,1.0,0.3608594,0.24027331,0.032356843,24323,0.5401471857912264,HY,STN,STN
834,141477,0.8229836,0.95800763,0.26881567,0.30867657,0.052259807,359496,0.39354262634354764,Isocortex,MOp,MOp6a
955,35654,0.8195069,0.86738175,0.21432664,0.5245205,0.1049458,83816,0.4253841748592154,Isocortex,RSPagl,RSPagl2/3
1327,2424,0.81769586,1.0,0.30236566,0.12113902,0.042378575,5268,0.4601366742596811,MB,PAG,Su3
294,24265,0.81715274,0.8647685,0.21512423,0.47434163,0.09287735,52570,0.4615750428000761,Isocortex,PL,PL2/3
895,8000,0.8167605,0.8755971,0.23307525,0.44984975,0.07848311,24928,0.3209242618741977,Isocortex,VISal,VISal2/3
204,36472,0.8156736,0.86559564,0.21624668,0.44190028,0.091672875,75514,0.48298328786715045,Isocortex,ACAd,ACAd2/3
660,15687,0.81509066,0.86540425,0.21711673,0.45521644,0.08526796,53009,0.2959308796619442,Isocortex,SSp-tr,SSp-tr2/3
647,80427,0.81478745,0.87702304,0.23094885,0.46683025,0.0859351,187124,0.429805904106368,Isocortex,SSp-m,SSp-m2/3
773,38191,0.8146793,0.9540003,0.28323275,0.32576248,0.060373988,97722,0.3908127136161765,Isocortex,AId,AId6a
265,28245,0.81466204,0.9501362,0.28526017,0.28696445,0.04251568,94508,0.2988635882676599,Isocortex,RSPd,RSPd6a
643,654,0.8135406,1.0,0.36861882,0.04281486,0.01391785,3767,0.1736129546057871,MY,VI,VI
1291,205,0.8133034,1.0,0.31579646,0.34004536,0.053440955,467,0.43897216274089934,Isocortex,ORBm,ORBm6b
1217,6875,0.81217223,0.8429926,0.19219601,0.5801474,0.12548034,14635,0.46976426375128116,Isocortex,VISli,VISli2/3
796,115732,0.81098336,0.86597025,0.22498712,0.3935944,0.08086744,268315,0.4313288485548702,Isocortex,SSs,SSs2/3
1083,14179,0.81014305,0.8900686,0.24978659,0.43978617,0.07589898,34118,0.4155870801336538,Isocortex,SSp-ll,SSp-ll4
194,76272,0.8088596,0.872722,0.23867998,0.43616775,0.08138557,189493,0.4025056334534785,Isocortex,SSp-bfd,SSp-bfd2/3
1066,6737,0.8087455,1.0,0.35153478,0.15521356,0.06883942,18926,0.35596533868751984,TH,PR,PR
49,1676,0.8082096,1.0,0.3840432,0.04346066,0.015847415,6171,0.271592934694539,mfbs,mfsbshy,mfb
585,5036,0.8078015,1.0,0.3647331,0.16900332,0.024666987,20978,0.2400610163027934,mfbs,mfsbshy,fr
598,12726,0.8077829,0.8857548,0.25356343,0.35860118,0.06957654,29881,0.4258893611324922,Isocortex,ORBvl,ORBvl6a
590,16337,0.8061039,0.86173856,0.234956,0.42820537,0.084805705,40907,0.39936930109761165,Isocortex,AUDd,AUDd2/3
828,33715,0.8056629,0.86812663,0.23616773,0.45353618,0.08691749,80115,0.42083255320476814,Isocortex,SSp-n,SSp-n2/3
745,22485,0.8048277,0.8647546,0.23297678,0.38732433,0.083578095,48500,0.4636082474226804,Isocortex,AUDv,AUDv2/3
79,25366,0.8035924,0.8744278,0.24676786,0.46552223,0.100717895,58101,0.43658456825183733,Isocortex,PL,PL6a
278,29315,0.8004721,0.85333943,0.23569171,0.54668987,0.1239974,65421,0.44809770562969076,Isocortex,ORBvl,ORBvl2/3
1070,245,0.80044866,0.9533593,0.28741345,0.2645751,0.054648735,1346,0.18202080237741455,Isocortex,ILA,ILA6b
500,2833,0.7997569,0.9513784,0.3201579,0.35141164,0.040640928,6243,0.45378824283197183,Isocortex,SSp-ll,SSp-ll6b
1114,43870,0.79898065,0.8534733,0.23011433,0.4337472,0.09670795,87648,0.5005248265790434,Isocortex,TEa,TEa2/3
652,2501,0.79867166,1.0,0.29814476,0.4206999,0.12585402,4932,0.5070965125709651,Isocortex,GU,GU6b
451,1161,0.7960605,0.96065694,0.32511017,0.3168717,0.038212612,4196,0.27669208770257386,Isocortex,SSp-tr,SSp-tr6b
1202,15067,0.79521376,0.85486686,0.2390902,0.40232643,0.086458094,41423,0.3637351229992999,Isocortex,SSp-un,SSp-un2/3
844,46354,0.7943492,0.8521653,0.23974973,0.4002435,0.08440566,122356,0.37884533655889374,Isocortex,SSp-ul,SSp-ul2/3
127,916,0.79414123,0.9164158,0.29484278,0.30729175,0.06223549,2667,0.3434570678665167,Isocortex,PL,PL6b
391,3443,0.792519,0.8677544,0.25553668,0.40313977,0.08295394,7475,0.46060200668896323,Isocortex,VISam,VISam4
260,4395,0.79030895,1.0,0.36392292,0.2035748,0.030655317,18698,0.2350518772061183,OLF,NLOT,NLOT2
1010,118109,0.78971726,0.9168636,0.29453263,0.29990566,0.058530793,297197,0.3974097988876065,Isocortex,MOs,MOs6a
173,21712,0.78658277,0.8630139,0.2646793,0.35699156,0.082099356,50295,0.43169301123372106,Isocortex,GU,GU2/3
108,30127,0.7856822,0.8600709,0.2586228,0.34123293,0.07401174,80816,0.37278509206097804,Isocortex,SSp-ll,SSp-ll2/3
857,54750,0.7853186,1.0,0.35513753,0.18962435,0.030768635,118284,0.4628690270873491,P,PB,PB-unassigned
304,18084,0.7831814,1.0,0.33256626,0.21096249,0.051471666,54481,0.3319322332556304,Isocortex,AIp,AIp6a
402,38109,0.7830675,0.83429646,0.23674609,0.47983056,0.11402577,77671,0.4906464446189698,Isocortex,ORBl,ORBl2/3
1303,6419,0.78135777,1.0,0.37408274,0.13652109,0.029597264,21947,0.29247733175377044,TH,PIL,PIL
900,12313,0.779855,0.8344907,0.24656771,0.49801895,0.13222006,23321,0.5279790746537456,Isocortex,ORBm,ORBm6a
1095,28189,0.7792439,0.84356326,0.2561112,0.30917382,0.075982526,67443,0.4179677653722403,Isocortex,VISC,VISC2/3
818,121786,0.7772934,0.936915,0.30931666,0.24717668,0.057791676,249308,0.4884961573635824,MB,IC,ICe
397,46100,0.77637506,0.97371083,0.3500866,0.32074064,0.04275496,117199,0.39334806610977907,HPF,CA1,CA1sp
345,1188,0.77287316,0.8747865,0.2774495,0.36175677,0.15853344,2572,0.4618973561430793,Isocortex,AIp,AIp6b
1211,8544,0.7715572,0.851979,0.2716032,0.4362735,0.09850717,19366,0.4411855829804813,Isocortex,VISa,VISa4
801,67634,0.77149785,0.93519294,0.32125098,0.21679355,0.046476398,140839,0.48022209757240536,MB,IC,ICc
1289,4811,0.7712107,0.8290774,0.2546666,0.38747916,0.111217484,14019,0.3431771167700977,Isocortex,FRP,FRP6a
380,2444,0.77102757,1.0,0.37254712,0.16502887,0.05440417,5871,0.4162834270141373,HY,SO,SO
1074,3209,0.7697622,0.928084,0.32555604,0.2418877,0.043573163,9180,0.34956427015250546,Isocortex,MOs,MOs6b
271,986,0.7693146,1.0,0.40181014,0.161123,0.053226054,1941,0.5079855744461618,P,B,B
318,50432,0.76918024,0.84756947,0.2726951,0.36289334,0.08036862,115701,0.4358821444931332,Isocortex,AId,AId2/3
776,4739,0.7689072,0.9615786,0.33731976,0.24697904,0.06158258,11274,0.42034770267872984,Isocortex,TEa,TEa6b
942,62953,0.7684166,1.0,0.37139404,0.1385596,0.034998465,227452,0.276774879974676,CTXsp,EPd,EPd
354,8317,0.7683333,1.0,0.36674726,0.27597094,0.05139129,20849,0.39891601515660224,HY,PSTN,PSTN
539,43013,0.76804376,1.0,0.37671092,0.16416535,0.06965092,114851,0.374511323366797,TH,TH-unassigned,TH-unassigned
96,36427,0.76707035,1.0,0.34781405,0.16122435,0.034801863,127132,0.28652896202372335,MY,VCO,VCO
103,53216,0.76579523,1.0,0.3931419,0.23767798,0.049839973,180775,0.2943769879684691,VL,chpl,chpl
491,3590,0.7654362,0.8165328,0.24267606,0.45602062,0.10562123,12338,0.29097098395201815,Isocortex,VISpm,VISpm4
436,3271,0.76500297,0.9540468,0.36581942,0.37563783,0.047019098,7521,0.4349155697380667,HPF,CA2,CA2sp
430,24362,0.7620289,0.8319317,0.26915705,0.35719973,0.085906304,60293,0.4040601728227157,Isocortex,ORBl,ORBl6a
933,192274,0.7616509,0.8272864,0.26110393,0.35087603,0.08939998,461142,0.4169518282871653,Isocortex,MOp,MOp2/3
936,35036,0.76006097,0.9704994,0.33888197,0.25074252,0.07010297,88364,0.3964963107147707,HY,PH,PH
1160,33765,0.7574104,0.9957235,0.3834509,0.48347306,0.039024767,86545,0.39014385579756194,HPF,DG,DG-po
952,207486,0.75732625,0.8119608,0.25179473,0.3870668,0.10300806,475467,0.4363835975998334,Isocortex,MOs,MOs2/3
683,34568,0.75668377,1.0,0.4008388,0.30458486,0.084931426,68703,0.5031512452149105,HY,VMH,VMH
1034,2996,0.7523006,0.96221423,0.3508256,0.2003654,0.060486786,7435,0.40295897780766643,Isocortex,ECT,ECT6b
1203,7765,0.75212276,0.875224,0.3161839,0.34574243,0.066588216,23474,0.3307915140155065,Isocortex,SSp-un,SSp-un4
810,78338,0.7478658,0.9465625,0.35238,0.2914417,0.06792916,165463,0.47344723593794386,MB,IC,ICd
293,42488,0.74770117,1.0,0.35325357,0.1961167,0.0990347,96193,0.4416953416568773,CTXsp,BLA,BLAa
515,9382,0.7449014,1.0,0.4174009,0.13773479,0.06504576,31791,0.29511496964549716,HY,SUM,SUM
101,504,0.7441233,0.882703,0.2996032,0.11505335,0.06264783,925,0.5448648648648649,MY,ISN,ISN
684,26001,0.7414841,0.8650821,0.32368103,0.29893452,0.06576385,74411,0.3494241442797436,Isocortex,AIv,AIv2/3
567,23648,0.74142087,0.85548174,0.3125773,0.35823232,0.07860133,65398,0.3616012722101593,Isocortex,SSp-ul,SSp-ul4
1043,9263,0.73855543,0.78904796,0.2607213,0.43748963,0.13476978,25654,0.36107429640601857,Isocortex,ILA,ILA6a
442,2211,0.7372288,0.811136,0.28115714,0.41343465,0.19201778,4975,0.4444221105527638,HY,MEPO,MEPO
326,1712,0.7353328,0.92885876,0.337111,0.15774706,0.060104307,3484,0.49138920780711826,cm,IIn,csc
1033,1416,0.7351314,0.9775958,0.3851668,0.2089625,0.035937328,7638,0.18538884524744698,TH,PP,PP
25,61096,0.7327411,0.87797487,0.33361402,0.31140748,0.07178646,131084,0.466082817124897,HPF,ENTl,ENTl6a
917,1151,0.73212177,0.8790612,0.34314886,0.22330141,0.04824743,3097,0.37164998385534387,Isocortex,ACAd,ACAd6b
1036,63814,0.732081,0.8553188,0.32097864,0.43269387,0.09128627,160209,0.39831719815990363,Isocortex,SSp-bfd,SSp-bfd4
711,53916,0.7312539,0.8110225,0.28272018,0.48733208,0.12121012,127951,0.42138005955404806,Isocortex,VISp,VISp4
34,9798,0.7310913,1.0,0.37156162,0.32345304,0.09863872,23563,0.41582141493018715,HY,PVH,PVH
261,12273,0.73052835,0.8144833,0.2924409,0.4687115,0.12298501,25827,0.4752003717040307,Isocortex,VISpl,VISpl2/3
1230,17696,0.7279053,0.82147926,0.3068019,0.35889262,0.09456481,46758,0.37845930108216774,Isocortex,VISpor,VISpor2/3
1224,6600,0.72662985,0.82292724,0.29739106,0.38731402,0.093392655,18288,0.36089238845144356,Isocortex,VISrl,VISrl4
953,1050,0.72630394,1.0,0.40915897,0.0522034,0.018098392,7116,0.1475548060708263,MY,LRN,LRNp
622,56844,0.72537684,0.9704026,0.40160432,0.42908916,0.043126263,199996,0.2842256845136903,HPF,DG,DG-sg
1103,3446,0.72156525,0.790426,0.2847893,0.37523237,0.09749846,13017,0.26473073672889297,Isocortex,VISal,VISal4
1280,72495,0.7197294,1.0,0.41007832,0.16572244,0.034924157,245387,0.29543129831653675,scwm,scwm-unassigned,scwm-unassigned
45,10445,0.7196333,1.0,0.39364642,0.26760128,0.08881319,21323,0.48984664446841436,MB,PAG,PRC
158,36691,0.7183061,0.8658592,0.34388813,0.25491235,0.058446486,100405,0.3654300084657139,Isocortex,AIp,AIp2/3
862,6464,0.71818084,1.0,0.41070518,0.07769644,0.05505805,19109,0.33826992516615206,MB,DR,DR
806,13082,0.7175545,0.78901684,0.28088456,0.39640275,0.11580994,29381,0.44525373540723595,Isocortex,AUDp,AUDp4
325,2487,0.71401066,0.85417324,0.3490741,0.22123621,0.06577721,6774,0.3671390611160319,Isocortex,PERI,PERI6a
734,1264,0.7092187,1.0,0.4534772,0.22426982,0.019299239,8321,0.15190481913231582,cbf,cbc,cbc
1026,55505,0.708529,0.83337766,0.33729574,0.35486957,0.09493046,136294,0.4072446329258808,HPF,POST,POST
417,28595,0.7069176,0.79215914,0.30645412,0.29005817,0.09333621,59611,0.4796933451879687,Isocortex,ECT,ECT2/3
563,9486,0.7059059,0.7916131,0.2963222,0.40876,0.11887215,22391,0.4236523603233442,Isocortex,VISl,VISl4
428,6018,0.7055772,0.9019277,0.39379454,0.40001512,0.06219586,16577,0.3630331181757857,HPF,CA2,CA2so
599,8073,0.7055388,0.9839134,0.40954044,0.2155874,0.043978006,16463,0.49037235011844743,TH,SPA,SPA
496,553,0.70475477,1.0,0.43684998,0.0564401,0.03489001,1482,0.37314439946018896,cm,VIIIn,das
6,64257,0.7029318,0.9204718,0.3834426,0.1592804,0.042832423,138814,0.4628999956776694,P,PSV,PSV
18,82676,0.7014733,0.8522755,0.35845017,0.19697703,0.052444562,200500,0.41234912718204486,HPF,ENTl,ENTl2
717,57371,0.7011419,0.8124761,0.33265802,0.25110877,0.07839238,114277,0.5020345301329227,HPF,ENTm,ENTm5
859,2175,0.69599485,0.75343984,0.25887966,0.44677863,0.15417303,4478,0.48570790531487273,Isocortex,VISpl,VISpl4
892,8865,0.6919068,0.8146808,0.34896353,0.23052043,0.06523176,30309,0.2924873799861427,Isocortex,VISpl,VISpl5
1318,882,0.69163024,1.0,0.39565554,0.06979738,0.060149718,2729,0.32319530963722976,MB,PN,PN
654,56923,0.6908957,0.817949,0.34823984,0.23422724,0.06976856,123066,0.4625404254627598,HPF,ENTm,ENTm3
587,33393,0.6904986,0.8881591,0.38496962,0.30226138,0.086377226,90677,0.3682631758880422,OLF,TT,TTd
600,48593,0.68888515,0.77500534,0.3132066,0.28773236,0.09093371,150742,0.3223587321383556,Isocortex,RSPd,RSPd5
124,27661,0.687518,1.0,0.4295808,0.28126287,0.076802626,111330,0.24845953471660828,V3,V3-unassigned,V3-unassigned
762,54271,0.68746036,0.7822343,0.32360142,0.36106142,0.10883877,125361,0.43291773358540536,Isocortex,ACAv,ACAv5
668,6496,0.6862039,0.7859795,0.32073998,0.32277852,0.0968294,16571,0.39201013819322916,Isocortex,AUDd,AUDd4
189,2245,0.68336713,0.8473057,0.36977425,0.2692256,0.15773098,19680,0.11407520325203252,OLF,AOB,AOBgr
644,26556,0.6816803,0.8133106,0.34395742,0.34652156,0.08695862,68502,0.38766751335727423,Isocortex,SSp-n,SSp-n4
677,67782,0.6814294,0.7777127,0.32901576,0.29482087,0.091855064,209779,0.323111464922609,Isocortex,RSPv,RSPv5
1073,39504,0.68139887,0.80988395,0.34658974,0.33804175,0.08901667,114566,0.3448143428242236,HPF,PRE,PRE
426,9007,0.6811026,1.0,0.421149,0.112975016,0.075495146,33565,0.26834500223447044,mfbs,mfbc,fx
367,3949,0.6802506,0.9066279,0.40192243,0.15431353,0.039812114,13399,0.2947234868273752,Isocortex,VISpl,VISpl6a
203,1251,0.67993927,1.0,0.46518508,0.09694858,0.033821706,9693,0.12906220984215414,HY,LM,LM
227,17919,0.67787606,0.7346698,0.28617188,0.32054403,0.120495066,39086,0.4584505961213734,Isocortex,TEa,TEa4
492,85965,0.6760332,0.83620226,0.37373343,0.26961383,0.07350803,262854,0.32704467118628594,HPF,SUB,SUB
733,42997,0.67447066,0.79037774,0.33891118,0.35578164,0.116173595,77994,0.5512859963586942,HPF,ENTm,ENTm6
1279,16000,0.672823,0.7940183,0.34762377,0.39007786,0.11139325,40353,0.3965008797363269,HPF,APr,APr
154,206783,0.6727511,0.91117233,0.41092572,0.29049566,0.088187754,607897,0.3401612444213411,OLF,AON,AON
1288,15066,0.67083424,0.75453556,0.34689465,0.16153221,0.07228601,46389,0.3247752699993533,Isocortex,FRP,FRP5
749,3787,0.669866,0.7515544,0.30506676,0.3565839,0.11897104,9281,0.4080379269475272,Isocortex,AUDpo,AUDpo4
653,40385,0.66597,0.79888684,0.36236185,0.28263417,0.08611101,161858,0.2495088287264145,OLF,COAp,COApm
1218,3228,0.6656445,0.74725,0.30342677,0.4173729,0.14758109,7150,0.45146853146853144,Isocortex,VISli,VISli4
1050,8294,0.664161,0.7229861,0.3201767,0.17239337,0.10438418,18109,0.4580043072505384,MB,PPT,PPT
1049,134,0.6637847,1.0,0.43330017,0.034001943,0.013291876,698,0.19197707736389685,eps,tsp,dtd
878,15120,0.66251546,0.7911489,0.36487576,0.16190639,0.058924817,41598,0.36347901341410643,Isocortex,PERI,PERI2/3
764,28978,0.65854377,0.7514368,0.33323446,0.28320813,0.09693086,91631,0.31624668507382875,Isocortex,RSPagl,RSPagl5
954,5341,0.6583338,0.76883256,0.35202324,0.23550396,0.088567145,11677,0.4573948788216151,lfbs,cc,ee
753,455,0.6562728,1.0,0.45596334,0.2927393,0.0480756,1084,0.41974169741697415,HY,OV,OV
980,12364,0.6562083,0.73115975,0.30310464,0.357662,0.13238156,26710,0.4628977910894796,Isocortex,AUDv,AUDv4
972,3041,0.6534961,0.79998183,0.3727424,0.24557835,0.062468756,7756,0.3920835482207323,HPF,FC,FC
940,48134,0.65347415,0.77095675,0.34396622,0.376423,0.11289368,118633,0.40573870676793133,Isocortex,SSp-m,SSp-m4
1004,53788,0.65317327,0.757771,0.35486978,0.21728197,0.07890892,149680,0.3593532870122929,Isocortex,ACAd,ACAd5
792,9831,0.6507943,1.0,0.42628345,0.15816362,0.122562766,33909,0.28992302928426084,mfbs,mfsbshy,sm
301,36502,0.64836955,0.74001795,0.34862328,0.19216394,0.08527452,88962,0.410310020008543,CTXsp,BLA,BLAp
1231,3379,0.64795965,0.73470837,0.31410617,0.39037162,0.13085294,7587,0.4453670752603137,Isocortex,VISpor,VISpor4
1120,3117,0.64731044,0.8304609,0.39239675,0.12837751,0.08897259,7312,0.4262855579868709,OLF,NLOT,NLOT3
638,134737,0.64720696,0.7588227,0.36174,0.2208728,0.083005205,409133,0.32932322741015757,Isocortex,MOp,MOp5
1115,29303,0.64519864,0.7541215,0.35034743,0.23642227,0.08559332,69409,0.42217867999827113,Isocortex,SSp-ll,SSp-ll5
37,16412,0.64485234,0.7426622,0.3649676,0.1319139,0.07290309,41188,0.3984655724968437,MB,SCm,SCdw
645,46525,0.64349335,0.77754337,0.3649597,0.25827232,0.08155302,150274,0.3096011286050814,OLF,COAp,COApl
755,2959,0.6434839,0.99568987,0.42502683,0.101289794,0.051009823,7125,0.4152982456140351,MY,x,x
126,44339,0.6406705,0.83632344,0.40565816,0.26947197,0.14583693,105076,0.42197076401842476,CTXsp,LA,LA
476,91468,0.6379539,0.89080787,0.43029836,0.3251495,0.066355355,263803,0.34672842992687725,HPF,CA3,CA3so
403,4940,0.6378958,0.9588928,0.43408924,0.06721133,0.025274625,31262,0.15801932058089693,cm,VIIIn,vVIIIn
308,1224,0.6349272,1.0,0.46409765,0.09002864,0.099246606,2180,0.5614678899082569,P,SG,SG
1110,17662,0.6347974,1.0,0.43521792,0.07502545,0.03344777,90336,0.19551452355650017,cbf,cbp,icp
833,51092,0.6346456,0.7637116,0.36788455,0.25658587,0.09026239,116509,0.43852406251877535,HPF,PAR,PAR
1090,53597,0.63446456,0.77083886,0.38952523,0.14985129,0.056488827,188673,0.28407350283294375,Isocortex,AId,AId5
222,3591,0.6313574,1.0,0.45116094,0.044326536,0.023727112,86445,0.041540864133263924,cm,Vn,sV
893,6306,0.6310194,0.90331364,0.41894057,0.0921638,0.09445764,25620,0.24613583138173303,MY,ECU,ECU
1024,62483,0.63082385,0.7205208,0.3245029,0.31280905,0.12008265,145864,0.42836477814950913,Isocortex,SSs,SSs4
790,24495,0.6307656,0.80697525,0.40736344,0.17438833,0.05650825,90004,0.27215457090795964,Isocortex,AIv,AIv5
951,457520,0.6307448,0.88529897,0.42879003,0.27452138,0.06665843,1445645,0.31648157051004916,OLF,PIR,PIR
1270,66647,0.6299221,0.7478144,0.37013894,0.2124881,0.07641489,164030,0.4063098213741389,HPF,ProS,ProS
339,207,0.62966335,0.7128789,0.39215976,0.07437097,0.048192378,3116,0.06643132220795891,mfbs,mfsbshy,sup
317,38868,0.6293733,0.76416004,0.3880808,0.21410152,0.11106692,95903,0.40528450621982626,CTXsp,BMA,BMAa
47,73898,0.6284174,0.7290872,0.3582362,0.18345034,0.07724412,164600,0.448955042527339,HPF,ENTl,ENTl3
324,36360,0.6276326,0.73374104,0.3661299,0.20602444,0.10640997,89700,0.40535117056856185,CTXsp,BMA,BMAp
1112,23921,0.62636596,0.7482744,0.37696823,0.17301565,0.06906876,77510,0.3086182428073797,Isocortex,ORBvl,ORBvl5
1316,2235,0.6263327,1.0,0.4800132,0.12092063,0.06651785,9625,0.2322077922077922,HY,MM,MMd
623,1684,0.62615997,0.8175663,0.41111293,0.15841949,0.07926428,2279,0.7389205792014041,cm,VIIIn,cic
120,9341,0.6243289,1.0,0.46548158,0.14844856,0.08374531,87167,0.10716211410281413,cm,IIn,opt
528,2182,0.6239194,0.7405242,0.38659245,0.24883491,0.10407854,15969,0.13663973949527208,cm,In,lotd
1078,14006,0.62027246,0.84357506,0.42258054,0.24657677,0.07384807,52699,0.2657735440900207,HPF,HPF-unassigned,HPF-unassigned
770,41235,0.61998916,0.7245603,0.35693637,0.31855413,0.14319324,120630,0.3418303904501368,CTXsp,PA,PA
555,9481,0.6198207,0.7170267,0.34112838,0.24466427,0.09175921,35930,0.26387419983300864,Isocortex,VISpm,VISpm5
610,19122,0.61782223,0.7499442,0.39146042,0.18842316,0.07282254,58885,0.3247346522883587,Isocortex,ORBm,ORBm5
118,10148,0.6125183,0.83419096,0.4262225,0.14944755,0.05097382,21918,0.4629984487635733,P,PB,KF
757,173591,0.61243,0.7166742,0.3814066,0.17676452,0.07856735,565434,0.30700488474340065,Isocortex,MOs,MOs5
441,22872,0.6095867,0.6937367,0.36262283,0.15612026,0.07778699,52413,0.4363802873332952,CTXsp,BLA,BLAv
187,104302,0.60683924,0.7931245,0.4196193,0.10936891,0.1042834,258704,0.4031711917867524,HY,LHA,LHA
978,23499,0.6057417,0.7055549,0.37591937,0.17125556,0.07919047,66177,0.35509315925472595,Isocortex,ECT,ECT5
1087,1212,0.60454494,0.68953824,0.39346126,0.05321198,0.04370959,137902,0.008788850052936142,MY,MDRN,MDRNd
439,4726,0.6029633,0.77187943,0.4105227,0.32207492,0.14545158,7949,0.5945401937350611,mfbs,mfbc,vhc
485,62282,0.6029478,0.84223443,0.43588048,0.30101407,0.0729571,162689,0.382828587058744,HPF,CA3,CA3sp
143,8105,0.60020345,0.6714748,0.3315216,0.26935115,0.12866582,18302,0.4428477761993225,Isocortex,GU,GU4
620,43702,0.6000821,0.7286439,0.39818862,0.14824219,0.06224282,150856,0.2896934825263828,Isocortex,ORBl,ORBl5
438,13254,0.5995449,0.74797845,0.38867816,0.23961085,0.07858837,46922,0.28246877797195347,Isocortex,ORBl,ORBl1
564,39928,0.59800094,1.0,0.45437062,0.109173514,0.07695232,86214,0.46312663836499873,P,TRN,TRN
389,175619,0.59637034,0.7874949,0.42006382,0.2685144,0.07274193,450362,0.3899507507294132,HPF,CA1,CA1so
781,8167,0.5956542,0.68206173,0.34995136,0.21083906,0.089020975,22676,0.3601605221379432,Isocortex,AUDpo,AUDpo5
472,7414,0.59557873,0.7361022,0.4208861,0.09220896,0.05571566,30809,0.24064396767178423,cm,VIIIn,bic
61,679,0.59486634,0.78762233,0.42759615,0.1527997,0.04861887,2225,0.3051685393258427,MB,LT,LT
279,41733,0.5944174,0.6974792,0.36797968,0.19700707,0.08286643,118716,0.35153643990700495,Isocortex,TEa,TEa5
718,202831,0.59408593,0.98624474,0.45943257,0.21025713,0.08914897,864658,0.23457945222272852,cbf,arb,arb
73,20649,0.59367037,0.9828278,0.4655434,0.12609087,0.079950005,136841,0.15089775725111626,cbf,cbp,mcp
521,1830,0.59235954,0.6023697,0.3395981,0.21438098,0.17384587,5470,0.33455210237659966,MB,MPT,MPT
1038,65416,0.5922491,0.8286475,0.4390883,0.24421148,0.18789572,167014,0.3916797394230424,CB,FL,FL
657,285,0.58958775,0.7401094,0.41916507,0.109240554,0.041029043,29095,0.009795497508162915,Isocortex,FRP,FRP2/3
23,63274,0.5885664,0.6693741,0.3870807,0.1185316,0.08719455,149398,0.4235264193630437,MB,SCm,SCdg
785,227377,0.5884329,0.70097846,0.4049403,0.133225,0.09749125,538557,0.42219672198114594,MB,PAG,PAG-unassigned
76,68615,0.5852333,1.0,0.47949943,0.23348151,0.15472409,268900,0.25516920788397174,VL,VL-unassigned,VL-unassigned
180,20912,0.58509225,0.7032914,0.40785953,0.112912446,0.055675626,68163,0.3067940084796737,Isocortex,GU,GU5
1100,11003,0.58438104,0.666278,0.3381841,0.24917515,0.115997724,44148,0.24922986318746035,Isocortex,SSp-tr,SSp-tr5
353,34487,0.5842891,0.67559266,0.38482463,0.15668863,0.0741975,122426,0.2816966984137356,Isocortex,PL,PL5
1232,13761,0.582789,0.7036145,0.39764065,0.17114843,0.0699084,48147,0.2858122001370802,Isocortex,VISpor,VISpor5
817,12495,0.58087873,0.6696382,0.37599933,0.19641015,0.093681075,41970,0.29771265189421015,Isocortex,ILA,ILA5
226,6563,0.58066416,0.6787651,0.36137372,0.19514632,0.08460793,25371,0.25868117141618385,Isocortex,VISal,VISal5
91,31484,0.58007866,0.7011905,0.40499565,0.2204368,0.114669174,76591,0.4110665744016921,MY,DCO,DCO
524,12997,0.5789044,0.70535403,0.425534,0.086971216,0.048450343,32400,0.401141975308642,P,SUT,SUT
804,19544,0.57812345,0.69652444,0.38897714,0.26558253,0.11225464,63232,0.309084008097166,OLF,DP,DP
346,665,0.57790786,0.74545556,0.4351579,0.10386692,0.059258632,1513,0.43952412425644416,HY,PST,PST
148,18009,0.5702363,0.6927355,0.42995554,0.12736824,0.095929034,57651,0.31237966383930893,V4,V4r,V4r
1297,192,0.56995136,1.0,0.47861755,0.016861392,0.03871474,1733,0.11079053664166186,P,Acs5,Acs5
566,218,0.5693309,1.0,0.48793453,0.02486224,0.057362247,694,0.31412103746397696,MY,ACVII,ACVII
1012,25418,0.56914043,0.6773483,0.38638973,0.1830147,0.08085786,75533,0.3365151655567765,Isocortex,AUDv,AUDv5
1000,9894,0.5688639,0.6482532,0.3448561,0.23955011,0.11365479,22680,0.43624338624338627,Isocortex,VISC,VISC4
223,2933,0.567504,1.0,0.4872995,0.124475956,0.09953693,8310,0.3529482551143201,MY,RPA,RPA
945,12595,0.5674119,0.6914434,0.43767342,0.04946775,0.048805736,64169,0.19627857688291855,MY,LRN,LRNm
334,28859,0.5670755,0.70632565,0.4236613,0.13463707,0.055185027,94128,0.30659314975352714,Isocortex,AIp,AIp5
461,26162,0.56704664,0.81408846,0.4514566,0.26651663,0.055540502,79684,0.3283218713919984,HPF,CA3,CA3slm
768,69879,0.566142,0.6588585,0.35809526,0.21987362,0.09923109,194047,0.36011378686606854,Isocortex,VISp,VISp5
405,140655,0.5654814,0.83280337,0.46007255,0.21299246,0.04855614,466487,0.3015196564963225,HPF,CA1,CA1sr
1219,6844,0.5651413,0.66373,0.36352974,0.2006682,0.091461666,18513,0.3696861664776103,Isocortex,VISli,VISli5
1047,25842,0.56424963,0.6675589,0.3927042,0.1424247,0.06938902,88304,0.2926481246602645,Isocortex,VISC,VISC5
183,8322,0.563122,1.0,0.48639244,0.08766378,0.052076638,70015,0.11886024423337856,lfbs,cst,py
533,45263,0.5617382,0.6732977,0.39199498,0.17267966,0.074874625,157259,0.2878245442232241,HPF,ENTm,ENTm2
1312,3379,0.56130105,0.7718371,0.45628974,0.13468051,0.20091133,6001,0.5630728211964673,P,PDTg,PDTg
1299,1779,0.5582404,0.66137034,0.42885813,0.06822835,0.039050996,5567,0.3195617028920424,P,I5,I5
423,11858,0.5576387,0.6445801,0.35896078,0.21778977,0.10047253,28416,0.41730011261261263,Isocortex,VISam,VISam5
1212,18069,0.5567429,0.6539575,0.3493741,0.24002168,0.10970114,44405,0.4069136358518185,Isocortex,VISa,VISa5
571,7932,0.55641466,0.79411983,0.45563138,0.21476777,0.14062105,44494,0.17827122758124692,PAL,TRS,TRS
556,53075,0.55615646,0.67603105,0.39533088,0.18380803,0.077475615,174906,0.30344870959258113,OLF,TR,TR
277,17,0.55319476,1.0,0.49387372,0.034194626,0.036944285,1017,0.01671583087512291,PAL,BAC,BAC
680,3895,0.5505913,0.736213,0.4623767,0.07323497,0.07817644,16197,0.2404766314749645,mfbs,mfsbshy,mtt
788,2992,0.5479177,0.61500216,0.4367416,0.041071203,0.040619735,9856,0.30357142857142855,cm,VIIn,VIIn-unassigned
849,1620,0.546894,0.628286,0.4144381,0.1545706,0.19711147,3488,0.4644495412844037,MY,PAS,PAS
530,8467,0.5461426,0.7295009,0.44245577,0.14307342,0.04394748,27650,0.3062206148282098,Isocortex,PERI,PERI1
837,28660,0.5455046,0.6443691,0.39017102,0.15608527,0.07390829,89246,0.3211348407771777,Isocortex,AUDp,AUDp5
1159,112102,0.54449856,0.8071561,0.4651874,0.27420044,0.04834382,538278,0.2082604156216676,HPF,DG,DG-mo
128,7315,0.5376207,0.5409273,0.41449922,0.15534224,0.26516747,18422,0.39707957876452066,HY,PVpo,PVpo
344,128112,0.53608733,0.60042137,0.44971317,0.07189844,0.07527646,665770,0.19242681406491732,MY,MY-unassigned,MY-unassigned
671,2172,0.53479606,0.5834233,0.45473525,0.037422813,0.04443403,7018,0.30948988315759474,mfbs,mfsbshy,mtg
603,14622,0.53371286,0.6191594,0.3633944,0.19680418,0.102423385,39293,0.37212735092764615,Isocortex,VISl,VISl5
778,38044,0.5315848,0.68508613,0.43505186,0.20734319,0.06477799,148713,0.25582161613308857,OLF,PAA,PAA
682,6226,0.52971274,0.60833675,0.40903264,0.106645554,0.063784756,21056,0.29568768996960487,Isocortex,PERI,PERI5
615,37833,0.52939415,0.6135219,0.37422857,0.1845063,0.095790744,99010,0.3821129178870821,Isocortex,SSp-ul,SSp-ul5
469,30168,0.5292818,0.73708904,0.45596388,0.2424965,0.065041445,83725,0.3603224843236787,HPF,CA3,CA3slu
761,176268,0.5288135,0.5993351,0.45623937,0.110561185,0.08390485,450446,0.39131882623000314,P,P-unassigned,P-unassigned
263,6760,0.5270456,0.60526085,0.45661905,0.12131212,0.106657796,12226,0.552920006543432,MB,SAG,SAG
979,17767,0.52380705,0.59107167,0.44872606,0.1423222,0.06520524,62786,0.2829770968050202,CB,FN,FN
109,21703,0.5201867,0.530842,0.43775693,0.06070543,0.08242745,42295,0.5131339401820546,P,SOC,SOCl
245,11847,0.51958454,0.61627865,0.39145663,0.15358043,0.07893111,42859,0.2764180218857183,Isocortex,AUDd,AUDd5
134,77446,0.51924646,0.56928194,0.37927526,0.13990542,0.09071408,178620,0.433579666330758,HPF,ENTl,ENTl5
435,52595,0.51852024,0.5356951,0.41597244,0.061643463,0.058913104,123181,0.4269733156899197,MY,SPVO,SPVO
264,9704,0.5177921,0.46400902,0.34359187,0.2320887,0.23557402,22833,0.424998905093505,HY,AVPV,AVPV
840,1998,0.51030934,0.53837824,0.46882042,0.050194252,0.049462274,10716,0.1864501679731243,cbf,cbp,scp
31,797,0.5100062,0.5410354,0.43592602,0.05701829,0.050432134,4089,0.19491318170701882,MB,III,III
1225,8922,0.50633407,0.57079625,0.38712552,0.14753787,0.08095332,30532,0.2922180007860605,Isocortex,VISrl,VISrl5
964,52256,0.5056978,0.592378,0.4064531,0.17429456,0.08958179,152143,0.3434663441630571,Isocortex,SSp-m,SSp-m5
1204,11795,0.50478554,0.56795835,0.38111404,0.16501264,0.09388658,32278,0.36541917095235144,Isocortex,SSp-un,SSp-un5
300,21814,0.5040903,0.50558853,0.4522581,0.15714915,0.17611878,59507,0.36657872183104506,STR,SF,SF
1079,87685,0.5035329,0.5832241,0.39698064,0.14599341,0.07901046,273225,0.32092597675908136,Isocortex,SSs,SSs5
387,182,0.5028084,0.55204105,0.4513002,0.009832807,0.017419709,4653,0.03911454975284762,eps,rust,vtd
784,40288,0.5018735,0.46293336,0.43002442,0.060007777,0.07078,203074,0.19839073441208624,cm,Vn,sV
1041,50695,0.5016913,0.46813434,0.43945312,0.06646487,0.081456035,111561,0.45441507336793324,MB,PPN,PPN
1282,8040,0.50081825,0.5166702,0.48209813,0.20347825,0.16590483,26589,0.3023806837413968,lfbs,lfbst,or
1104,426,0.5,0.35964653,0.49003473,0.020542799,0.029108502,3622,0.11761457758144671,cm,VIIn,gVIIn
947,58995,0.49961355,0.4541544,0.45547256,0.277835,0.27592927,275193,0.2143768191778134,CB,UVU,UVU
606,31311,0.49832723,0.46411115,0.41509682,0.11009629,0.11254517,68886,0.45453357721452836,MB,CUN,CUN
383,340,0.49756896,0.5146597,0.39513096,0.08540648,0.051993854,1107,0.3071364046973803,Isocortex,VISpl,VISpl6b
569,50507,0.49668658,0.5372124,0.43461362,0.17794043,0.17536089,130026,0.3884376970759694,lfbs,cc,fa
97,4776,0.49600512,0.49546164,0.4648154,0.07561562,0.08917967,14088,0.3390119250425894,eps,epsc,nst
874,7542,0.49410838,0.50117433,0.4178053,0.13527213,0.15501916,20429,0.3691810661314798,mfbs,mfbc,amc
692,23882,0.49405107,0.5638905,0.39428067,0.14204258,0.08087877,70906,0.33681211745127354,Isocortex,SSp-n,SSp-n5
697,4769,0.49058187,0.6286909,0.4219335,0.22478183,0.077968985,18910,0.2521946060285563,Isocortex,ILA,ILA1
207,32437,0.49007493,0.3981233,0.4638034,0.030850936,0.073338,98530,0.3292093778544606,MB,RN,RN
1022,73511,0.48845452,0.38165766,0.45006964,0.15476924,0.21257758,314216,0.23395053084502382,CB,COPY,COPY
502,33134,0.48777276,0.4322529,0.45403087,0.111599915,0.098470196,104518,0.31701716450754897,CB,CB-unassigned,CB-unassigned
693,20434,0.48639178,0.51203823,0.42263877,0.16629604,0.20370933,46466,0.4397624069211897,CTXsp,CTXsp-unassigned,CTXsp-unassigned
291,8510,0.48436266,0.26474026,0.48927084,0.2136133,0.19215001,41751,0.20382745323465307,mfbs,mfbc,st
196,1448,0.48357475,0.4135449,0.4040909,0.044704836,0.071398154,7657,0.18910800574637587,MY,LIN,LIN
432,26062,0.48318204,0.5817003,0.417913,0.17583308,0.0753073,104522,0.24934463557911254,Isocortex,RSPd,RSPd1
166,15154,0.48223287,0.63157386,0.4033355,0.24860916,0.09204569,65651,0.2308266439201231,Isocortex,PL,PL1
9,97686,0.48168993,0.45519722,0.36381948,0.12277953,0.16036068,254783,0.38340862616422605,MB,SCm,SCig
282,387,0.4790718,0.6051124,0.43150708,0.07548828,0.12133242,3121,0.12399871835950016,STR,BA,BA
208,65178,0.4778772,0.47103322,0.37397727,0.13306236,0.14323248,159504,0.408629250677099,MB,APN,APN
121,3279,0.47743493,0.28243452,0.47746518,0.15972815,0.15518917,15405,0.21285296981499513,HY,PVp,PVp
17,2427,0.4769887,0.5628304,0.42455652,0.18663277,0.08372418,15694,0.15464508729450746,HPF,IG,IG
595,24390,0.47396433,0.40373564,0.47172603,0.18545467,0.08954033,89569,0.27230403376168094,OLF,TT,TTv
1059,56573,0.46893787,0.5217629,0.38448372,0.1666819,0.09829075,150977,0.37471270458414196,Isocortex,SSp-bfd,SSp-bfd5
987,67682,0.46892038,0.32231122,0.46378204,0.11366014,0.10962221,445595,0.1518912914193382,brain-unassigned,brain-unassigned,brain-unassigned
215,1135,0.46731028,0.2766332,0.4718218,0.048499055,0.027834022,4966,0.22855416834474426,MY,RO,RO
195,97384,0.4660475,0.3784983,0.42230704,0.06846167,0.11151715,227176,0.4286720428214248,MY,MV,MV
624,13014,0.46497348,0.42947978,0.41510743,0.09697266,0.13240603,36198,0.35952262555942316,MB,NPC,NPC
532,32008,0.46490642,0.4267419,0.42517573,0.2208015,0.13650128,118355,0.27044062354780113,Isocortex,RSPv,RSPv1
946,23515,0.4642334,0.21671271,0.47406784,0.108819604,0.17189617,107241,0.21927247974188976,lfbs,cc,fa
956,43909,0.46409976,0.44626486,0.41154012,0.12572548,0.1222619,121589,0.3611264176858104,CTXsp,EPv,EPv
570,5236,0.46379617,0.415012,0.4130167,0.0969394,0.10416674,11022,0.4750499001996008,MB,NB,NB
901,343,0.46246272,0.40471438,0.40802696,0.11533001,0.101131365,839,0.4088200238379023,cm,IVn,IVn
231,4948,0.46219027,0.29841328,0.44473252,0.044085674,0.0986269,12140,0.40757825370675455,P,RPO,RPO
303,307822,0.45868593,0.38954103,0.42951995,0.094159804,0.115307406,845665,0.3639999290499193,MB,MB-unassigned,MB-unassigned
393,100514,0.45834655,0.4174049,0.40999356,0.21928637,0.25236446,253542,0.39643924872407726,STR,MEA,MEA
999,37898,0.45697215,0.19069156,0.4722012,0.12986973,0.13340294,194179,0.19517043552598376,fiber tracts-unassigned,fiber tracts-unassigned,fiber tracts-unassigned
902,7503,0.45635813,0.21031997,0.4684315,0.16491774,0.23699406,15030,0.4992015968063872,CB,LING,LING
316,19619,0.4528753,0.23770311,0.4648127,0.054039385,0.07007595,56708,0.3459652959018128,cbf,cbp,scp
24,3226,0.45017874,0.21538717,0.45909294,0.06433969,0.1676451,8555,0.37708942139099944,TH,IGL,IGL
218,33053,0.44730446,0.37200838,0.41729555,0.067258224,0.09633456,93570,0.3532435609703965,MY,SPIV,SPIV
1030,178124,0.44572562,0.25371045,0.45203668,0.24192253,0.2493988,716186,0.24871192678996798,CB,PFL,PFL
842,114124,0.445622,0.34571958,0.416886,0.047960866,0.078451015,279736,0.40797037206508996,MY,PARN,PARN
1082,126781,0.44533122,0.3127126,0.43618354,0.039189126,0.071857005,293905,0.43136727854238616,P,PRNc,PRNc
629,22608,0.44291845,0.45992547,0.39763376,0.16928306,0.13028735,95970,0.235573616755236,OLF,COAa,COAa
593,32841,0.4426707,0.0,0.48181266,0.15200004,0.13737692,189095,0.17367460800126922,mfbs,mfbc,fi
202,11483,0.4423951,0.27757025,0.4466945,0.033521254,0.05699409,36028,0.318724325524592,MY,LAV,LAV
687,19049,0.43391392,0.14316946,0.46443886,0.055487037,0.066047825,77679,0.24522715276973184,cm,drt,ml
1308,15792,0.43098745,0.3922227,0.42516458,0.16994171,0.094879225,52703,0.2996413866383318,HPF,HATA,HATA
113,7293,0.42861882,0.26747465,0.4376562,0.16135833,0.18993083,25517,0.2858094603597602,HY,PVi,PVi
959,7751,0.42811045,0.21127152,0.44216162,0.14208177,0.08914675,48221,0.16073909707388898,Isocortex,ORBvl,ORBvl1
110,444,0.4259494,0.36057493,0.38279793,0.049281314,0.113501824,933,0.4758842443729904,MB,IV,IV
1032,17098,0.42559704,0.17660367,0.455005,0.02738866,0.0525665,62990,0.2714399110969995,eps,tsp,tspc
966,92939,0.42490634,0.0,0.47264066,0.2886039,0.2567772,167164,0.5559749706874686,CB,CENT,CENT2
930,32157,0.42400646,0.052160002,0.4576603,0.07655189,0.056701574,158060,0.20344805769960775,mfbs,mfbc,cing
906,5654,0.42391124,0.24202397,0.4461693,0.09256225,0.08923153,25158,0.22473964544081407,cm,IIn,bsc
856,6225,0.421862,0.029868685,0.4719854,0.051595695,0.10620223,35476,0.17547074078250086,cbf,cbp,scp
641,33299,0.42110062,0.33359802,0.38230535,0.11498889,0.1817684,106094,0.31386317793654683,MY,NTS,NTS
494,61042,0.42097497,0.093129724,0.4487185,0.2086425,0.07237151,192868,0.3164962565070411,HPF,CA3,CA3sr
771,1082,0.41983274,0.31205282,0.40020788,0.05711394,0.10597658,2930,0.36928327645051195,MY,y,y
1086,141586,0.41909614,0.24595802,0.42423484,0.11477917,0.23125052,344867,0.4105524738522387,HY,HY-unassigned,HY-unassigned
929,1016,0.41615433,0.25990784,0.39476433,0.041134063,0.096791945,2638,0.38514025777103866,MY,AMB,AMBd
1037,123559,0.41535628,0.22476846,0.4355348,0.026698817,0.060718585,328449,0.37618930183985944,MY,GRN,GRN
15,102649,0.41432884,0.34502697,0.38003865,0.08964962,0.13929735,261004,0.39328516038068384,MB,SCm,SCiw
974,160614,0.41362822,0.0,0.47044018,0.27281505,0.24662623,342955,0.46832383257278654,CB,CENT,CENT3
1296,14226,0.4134672,0.25369054,0.424616,0.031601153,0.06428883,40086,0.354886992965125,P,P5,P5
577,4694,0.41271484,0.043601476,0.4630276,0.048436426,0.16142654,11533,0.4070059828318738,MB,PAG,ND
131,107769,0.41196546,0.2522596,0.42349082,0.031921513,0.06482256,347525,0.3101043090425149,MY,IRN,IRN
1053,211953,0.40733045,0.16490638,0.43909767,0.13537453,0.23068035,639013,0.33168808772278496,CB,AN,ANcr2
474,7896,0.40397683,0.1816199,0.4280414,0.13167724,0.09556163,52622,0.15005130933829958,Isocortex,ORBm,ORBm1
841,32326,0.40344152,0.32347304,0.35270023,0.12939087,0.2778682,80396,0.402084680829892,MB,SCs,SCop
427,88634,0.4026553,0.2895778,0.37449005,0.06431008,0.1439039,231836,0.3823133594437447,MY,SPVI,SPVI
997,327515,0.40133005,0.050396558,0.45632118,0.22044303,0.25645968,712043,0.4599651987309755,CB,SIM,SIM
83,38956,0.40131843,0.1452708,0.44242877,0.10804773,0.2820568,88804,0.4386739336065943,HY,AHN,AHN
1080,362656,0.40111768,0.0,0.46579638,0.22910723,0.24036415,840675,0.4313866833199512,CB,CUL,"CUL4, 5"
348,2652,0.40041065,0.30973604,0.37660092,0.08196925,0.16954584,5877,0.4512506380806534,P,SLD,SLD
123,255194,0.39886576,0.23481339,0.4180387,0.048495248,0.09238494,642746,0.3970370877453924,MB,MRN,MRN
138,1017,0.3983063,0.2769767,0.40148,0.042575575,0.069286905,2722,0.37362233651726673,MY,AMB,AMBv
802,2470,0.39714822,0.0,0.4615777,0.023269251,0.060268406,5798,0.4260089686098655,cbf,cbp,scp
1317,1026,0.39590365,0.25512713,0.38205025,0.05423107,0.1208419,2039,0.5031878371750859,MB,Pa4,Pa4
926,139855,0.39155456,0.03582301,0.4598365,0.13648407,0.21321574,416901,0.3354633354201597,CB,DEC,DEC
11,1515,0.3908996,0.07030511,0.45405018,0.02996368,0.113051884,10822,0.13999260765108112,MB,IF,IF
418,184,0.38699868,0.0,0.44713047,0.030151531,0.029481184,1022,0.18003913894324852,mfbs,mfbc,mct
611,8828,0.38629958,0.087908,0.4378131,0.031958837,0.04965991,44389,0.19887810043028678,P,V,V
795,4872,0.38598117,0.07347898,0.41957906,0.11984392,0.0710688,23737,0.20524918902978473,Isocortex,VISpm,VISpm1
340,1108,0.3854127,0.1955081,0.42192596,0.030939037,0.06936415,3308,0.3349455864570738,P,SLC,SLC
456,46051,0.383901,0.0,0.4491003,0.16005729,0.08037526,175291,0.26271171936950555,mfbs,mfbc,alv
548,10500,0.3801975,0.2328369,0.40078926,0.1295046,0.0772068,50571,0.20762887821083229,Isocortex,SSp-n,SSp-n1
958,74179,0.38016942,0.04174892,0.44339615,0.20658122,0.28649506,190095,0.3902206791341172,CB,NOD,NOD
210,16030,0.37952155,0.059907623,0.4470189,0.025108296,0.07105824,44238,0.36235815362358154,MY,SUV,SUV
740,4179,0.37795794,0.0,0.42847815,0.10052031,0.07051292,23981,0.17426295817522205,Isocortex,VISpl,VISpl1
941,28433,0.37723583,0.12931222,0.42956832,0.14217182,0.29687652,157399,0.1806428249226488,CB,PYR,PYR
1094,9796,0.37347165,0.10386707,0.41743186,0.123078264,0.29612163,22879,0.42816556667686523,STR,IA,IA
688,149635,0.37043065,0.15475143,0.4129299,0.14544594,0.33014527,625771,0.2391210203093464,OLF,OLF-unassigned,OLF-unassigned
1096,1142,0.36806968,0.11373162,0.42451426,0.014762239,0.050027,116532,0.009799883293859198,MY,MDRN,MDRNv
1045,273094,0.3659185,0.06399293,0.43978295,0.18161605,0.2774994,711715,0.38371258158111043,CB,AN,ANcr1
836,16769,0.36353165,0.0,0.43367535,0.16047972,0.120535105,41843,0.4007599837487752,CB,DN,DN
648,36708,0.36275083,0.0,0.44390213,0.038069073,0.097851686,104348,0.35178441369264385,cm,VIIIn,ll
328,1015,0.3621168,0.19033037,0.41114092,0.17983514,0.14322667,2648,0.3833081570996979,HY,SFO,SFO
57,5324,0.36127052,0.06746499,0.43035936,0.024636617,0.08118281,18623,0.28588304784406376,cm,IIIn,mlf
888,31738,0.35978976,0.12549174,0.41869012,0.06621738,0.23032428,67706,0.4687620004135527,P,PCG,PCG
1081,6803,0.3597505,0.081133895,0.42877644,0.05198076,0.1703515,14936,0.4554767005891805,lfbs,lfbst,em
820,23412,0.35960066,0.2512322,0.35938272,0.16735184,0.36546847,47007,0.4980534813963878,HY,DMH,DMH
157,11200,0.3582067,0.18836246,0.39823517,0.06841545,0.20275907,25429,0.44044201502221875,P,LDT,LDT
297,25241,0.35688978,0.059217323,0.430601,0.026365053,0.08134538,66690,0.37848253111411007,MY,MARN,MARN
793,42821,0.35608312,0.082014695,0.42761055,0.043528847,0.17988575,140574,0.3046153627271046,PAL,PAL-unassigned,PAL-unassigned
594,6876,0.35475767,0.22320196,0.3747301,0.07053787,0.17870761,13558,0.5071544475586369,P,NI,NI
62,3024,0.3542958,0.009995741,0.4372623,0.02499996,0.10485768,9973,0.3032186904642535,MB,PAG,INC
86,38851,0.3541852,0.057928216,0.42617294,0.06708318,0.078914426,107518,0.3613441470265444,CB,IP,IP
694,7308,0.35347256,0.0,0.4155202,0.09323387,0.06598132,31083,0.23511244088408456,Isocortex,AIv,AIv1
925,19371,0.35346383,0.0,0.3991437,0.14465778,0.08702139,75781,0.25561816286404243,Isocortex,ACAd,ACAd1
141,130852,0.3532062,0.16134256,0.40213722,0.03595243,0.099020556,295320,0.44308546661248815,P,PRNr,PRNr
516,17711,0.35091627,0.0,0.41785225,0.10193205,0.07301466,155932,0.11358156119334069,HPF,ENTm,ENTm1
1298,4114,0.35084912,0.040574595,0.4236547,0.040142227,0.15328117,8845,0.4651215375918598,P,PC5,PC5
831,7755,0.35084197,0.0,0.461708,0.028163763,0.0900509,43119,0.17985110971961316,cm,VIIIn,tb
404,4581,0.3482345,0.05431354,0.41112867,0.09725682,0.1334111,8724,0.5251031636863824,TH,SPFm,SPFm
237,112771,0.348116,0.16247083,0.3990625,0.097432174,0.43206105,630546,0.17884658692625122,OLF,MOB,MOBopl
646,77926,0.34739712,0.0,0.4038307,0.11826946,0.08099982,290078,0.26863809044463904,Isocortex,MOs,MOs1
199,6246,0.3469833,0.047364652,0.42637697,0.025426373,0.09236712,14674,0.42565081095815727,MY,RM,RM
661,16069,0.34582904,0.04258788,0.38860285,0.15048352,0.097172275,63176,0.25435291882993544,Isocortex,RSPagl,RSPagl1
1325,1667,0.3457104,0.06350366,0.43725976,0.037085474,0.2742201,4738,0.3518362178134234,MB,IPN,IPDL
604,31663,0.3449946,0.13969941,0.39506832,0.09056006,0.19825666,65680,0.4820797807551766,HY,TU,TU
230,163,0.344443,0.21634616,0.34216762,0.07345561,0.19199064,1181,0.1380186282811177,cm,Xn,ts
583,36101,0.3441284,0.0,0.40963376,0.09761294,0.065520234,157797,0.22878128228039823,Isocortex,VISp,VISp1
1020,9658,0.34295252,0.0,0.45406318,0.02557079,0.07558531,52909,0.1825398325426676,PAL,GPi,GPi
1229,7313,0.33560023,0.0,0.40971583,0.075416036,0.06405314,31197,0.23441356540693015,Isocortex,VISpor,VISpor1
497,103491,0.33472577,0.20397113,0.35569373,0.113945484,0.39747128,537525,0.19253244035161154,OLF,MOB,MOB-unassigned
1014,151686,0.33213896,0.08011509,0.41509122,0.11597864,0.25282773,611123,0.2482086257594625,CB,PRM,PRM
853,16255,0.32869393,0.0,0.4337281,0.019053718,0.072605304,71094,0.2286409542296115,eps,rust,rust-unassigned
1,2307,0.32834113,0.10149655,0.40211752,0.07994451,0.19540058,13330,0.1730682670667667,HY,TMv,TMv
167,3675,0.3237263,0.16177459,0.37517858,0.053998314,0.22789729,18636,0.19719896973599485,HY,RCH,RCH
618,9495,0.32253674,0.18674503,0.3552741,0.07358588,0.181335,25650,0.3701754385964912,MB,NOT,NOT
686,3170,0.32192495,0.0,0.3957619,0.09598017,0.07181027,14100,0.22482269503546098,Isocortex,AUDpo,AUDpo1
1222,5621,0.32149678,0.0,0.40492418,0.0917323,0.07306203,21324,0.2635996998686925,Isocortex,VISrl,VISrl1
826,10188,0.32057905,0.0,0.40301675,0.08410328,0.07292022,32255,0.3158580065106185,Isocortex,ECT,ECT1
868,26943,0.3194235,0.0,0.38824946,0.11028971,0.085717015,97543,0.27621664291645737,Isocortex,SSp-m,SSp-m1
253,1551,0.31665957,0.0,0.43261215,0.029901307,0.06289635,13924,0.11139040505601838,OLF,NLOT,NLOT1
986,17409,0.31629005,0.0,0.39581046,0.07794776,0.077556506,57515,0.30268625575936714,Isocortex,AId,AId1
433,13744,0.31589115,0.0,0.4304785,0.08200432,0.052562825,119050,0.11544729105417892,mfbs,mfbc,dhc
517,5811,0.31493604,0.0,0.3938148,0.09577295,0.07325886,24623,0.2359988628518052,Isocortex,AUDd,AUDd1
725,11724,0.3129124,0.0,0.39759567,0.08797395,0.07227207,46850,0.2502454642475987,Isocortex,AUDp,AUDp1
968,36620,0.3126297,0.074180454,0.3965467,0.027741032,0.10133096,88471,0.4139209458466616,MY,PGRNl,PGRNl
164,12899,0.3125163,0.080226615,0.39409342,0.042050928,0.19692214,30282,0.42596261805693153,MY,PRP,PRP
1063,3581,0.31052074,0.0,0.3829103,0.08756295,0.07717923,14739,0.24296085216093358,Isocortex,VISal,VISal1
1216,2129,0.30953225,0.0,0.38798493,0.093569614,0.07308863,9280,0.22941810344827587,Isocortex,VISli,VISli1
934,24681,0.30675232,0.009035712,0.42055884,0.10243026,0.27761978,132619,0.18610455515423882,CB,FOTU,FOTU
971,28222,0.30363512,0.0,0.3788522,0.10088555,0.08591542,104985,0.2688193551459732,Isocortex,SSp-bfd,SSp-bfd1
1284,1751,0.30357382,0.031040998,0.38471472,0.08225719,0.3275271,4361,0.4015134143545058,mfbs,mfbc,st
140,19284,0.30024153,0.0395809,0.39929166,0.057318375,0.20533171,62241,0.3098279269291946,V4,V4-unassigned,V4-unassigned
32,6465,0.29747525,0.0,0.3951675,0.052468147,0.072837315,24522,0.2636408123317837,Isocortex,GU,GU1
578,14998,0.29476437,0.0,0.38630384,0.11895847,0.09131134,59662,0.25138278971539674,Isocortex,ACAv,ACAv1
1321,1262,0.2939985,0.0,0.44641456,0.014375626,0.24337314,3128,0.40345268542199486,MB,IPN,IPA
890,16310,0.29338065,0.0,0.42601806,0.083995126,0.1949691,92576,0.17617957137919116,cm,In,aco
197,3648,0.29330072,0.093362406,0.35643357,0.13947062,0.27133638,34577,0.1055036585013159,OLF,AOB,AOBmi
1201,4605,0.2915404,0.0,0.36882627,0.10131136,0.08637193,20799,0.22140487523438626,Isocortex,SSp-un,SSp-un1
1309,4475,0.29105037,0.20230578,0.29607505,0.094605215,0.26139477,12827,0.3488734700241678,MY,Pa5,Pa5
1324,1067,0.28977785,0.0,0.41315514,0.035097025,0.19194065,2379,0.4485077763766288,MB,IPN,IPDM
256,4820,0.2893906,0.17857441,0.32454383,0.07355881,0.22434391,11560,0.41695501730103807,HY,AVP,AVP
1307,8572,0.28912517,0.069194645,0.38412017,0.049412258,0.23110037,26779,0.32010157212741325,HY,PeF,PeF
513,27739,0.2891029,0.13535471,0.35292056,0.075050026,0.29138854,69378,0.39982415174839286,HY,MPO,MPO
421,4360,0.28876182,0.0,0.41476685,0.10242088,0.062730856,15135,0.2880740006607202,HPF,CA2,CA2slm
444,6730,0.28719684,0.0,0.42119816,0.10801465,0.07172371,20261,0.3321652435713933,HPF,CA2,CA2sr
70,349,0.28714353,0.0,0.4246693,0.061233968,0.12209768,1429,0.24422673198040587,MB,DT,DT
1326,404,0.286633,0.11954643,0.3663251,0.042858023,0.17914194,2362,0.1710414902624894,MB,IPN,IPRL
419,885,0.28622,0.0,0.39936307,0.015079478,0.0766297,211628,0.004181866293685146,MY,SPVC,SPVC
332,136351,0.28497502,0.055774786,0.39192736,0.0279542,0.25034577,378439,0.3602984893206039,PAL,SI,SI
362,2162,0.2829009,0.0,0.38590845,0.03183932,0.13203195,6671,0.32408934192774697,MY,ICB,ICB
1209,8996,0.28149688,0.0,0.36467707,0.113170296,0.09609718,30001,0.2998566714442852,Isocortex,VISa,VISa1
1019,9825,0.2803559,0.0,0.36165026,0.089050785,0.0971049,37402,0.26268648735361744,Isocortex,SSp-ll,SSp-ll1
310,50384,0.27878532,0.0,0.37131742,0.08131978,0.08985475,166058,0.30341206084621036,Isocortex,MOp,MOp1
663,1079,0.27799568,0.0,0.4311131,0.045001406,0.08751423,3947,0.27337218140359765,mfbs,mfsbshy,mp
288,19338,0.27796486,0.11072864,0.35315296,0.04490672,0.24966115,45491,0.4250950737508518,PAL,MA,MA
411,5502,0.27723613,0.0,0.37280503,0.07499548,0.07571888,23175,0.23741100323624595,Isocortex,VISl,VISl1
505,22690,0.27701083,0.13284144,0.33957532,0.098806985,0.42565137,50721,0.4473492241872203,HY,MPN,MPN
679,2685,0.2761046,0.18866073,0.2872494,0.07933553,0.2835438,8263,0.32494251482512404,HY,VLPO,VLPO
602,44926,0.27581257,0.0,0.3892238,0.039051786,0.15516934,90556,0.4961129025133619,P,NLL,NLL
115,8726,0.2745443,0.0,0.41689685,0.035464667,0.047769267,52724,0.16550337607161825,Isocortex,AIp,AIp1
440,16171,0.27437496,0.0,0.36959356,0.10348159,0.09493303,57513,0.28117121346478186,Isocortex,SSp-ul,SSp-ul1
863,42191,0.27390742,0.0,0.3725458,0.084297225,0.08062911,154837,0.27248655037232705,Isocortex,SSs,SSs1
949,9313,0.2663035,0.0,0.38348326,0.06733146,0.07170809,35690,0.2609414401793219,Isocortex,AUDv,AUDv1
864,1298,0.26619485,0.0,0.3824371,0.036394216,0.09458329,5604,0.23162027123483225,MB,PBG,PBG
1293,1633,0.26609936,0.0,0.39067605,0.017101884,0.094108686,7758,0.21049239494715133,MB,RPF,RPF
554,25221,0.26607352,0.058638543,0.36870208,0.045213215,0.29185116,51833,0.48658190727914646,PAL,MS,MS
1281,85323,0.26431075,0.0,0.42016837,0.06839132,0.23403423,388095,0.21985080972442314,lfbs,cc,ccb
272,6594,0.26394963,0.0,0.37065187,0.104164325,0.09756844,16958,0.38884302394150255,Isocortex,VISam,VISam1
1127,1381,0.2612435,0.10158456,0.3312484,0.074565455,0.26590964,10276,0.1343908135461269,HY,ME,ME
112,5929,0.26043284,0.061639335,0.36023468,0.03704485,0.21622466,39061,0.15178822866798086,cm,IIn,och
21,28847,0.26017153,0.059559923,0.3617192,0.061733924,0.27561003,61852,0.4663875056586691,STR,AAA,AAA
27,2848,0.25858924,0.018447181,0.38843018,0.054815892,0.4321193,6340,0.449211356466877,HY,PVa,PVa
219,28935,0.25858244,0.042946797,0.3667751,0.042206284,0.20953561,69375,0.4170810810810811,HY,LPO,LPO
1319,3073,0.2581871,0.099443436,0.33777073,0.07355435,0.4321053,10104,0.30413697545526525,MB,IPN,IPR
739,12115,0.2572591,0.0,0.39854112,0.021065451,0.08503457,53612,0.22597552786689548,MB,VTA,VTA
213,115372,0.25350246,0.0,0.4129959,0.100842156,0.5258133,647904,0.17806959055662566,OLF,MOB,MOBgr
696,2091,0.2523426,0.09396112,0.315378,0.06495759,0.20205694,7288,0.2869099890230516,MB,OP,OP
581,2882,0.24962091,0.0,0.41431186,0.009142223,0.077999465,10401,0.2770887414671666,MB,CLI,CLI
1283,4656,0.24814771,0.0,0.3946471,0.04259087,0.31009784,14474,0.3216802542489982,lfbs,lfbst,ar
117,21523,0.24662675,0.0,0.4026109,0.02898231,0.12891935,45664,0.4713340925017519,P,SOC,POR
669,32178,0.2458192,0.016295882,0.35645235,0.034759846,0.1930068,75141,0.4282349183534954,P,CS,CS
824,17631,0.24266753,0.1791486,0.27412036,0.10734071,0.38031828,45104,0.3908965945370699,MB,SCs,SCzo
794,9043,0.24060856,0.0,0.36053804,0.027421556,0.11951404,30196,0.29947675188766726,HY,ZI,FF
996,7405,0.23335935,0.0,0.34467798,0.08210541,0.106608674,25701,0.28812108478269327,Isocortex,SSp-tr,SSp-tr1
960,12299,0.2303025,0.0,0.35462388,0.020557743,0.11793277,29853,0.41198539510266974,MY,PGRNd,PGRNd
586,35208,0.22916134,0.032198038,0.34831738,0.03601302,0.28654405,92534,0.38048717228262047,PAL,NDB,NDB
1058,5509,0.22851202,0.0,0.36263543,0.017704306,0.13814782,11791,0.4672207615978288,MY,PPY,PPY
1109,24755,0.22847657,0.0,0.3857808,0.037943587,0.05285859,122436,0.20218726518344277,HPF,ENTl,ENTl1
92,18734,0.22820826,0.0,0.3581546,0.062111504,0.08018612,65588,0.28563151796060254,Isocortex,TEa,TEa1
1306,3414,0.22445452,0.11776556,0.28639203,0.087993935,0.45255417,6286,0.5431116767419663,HY,VMPO,VMPO
467,101748,0.22346498,0.0,0.3851944,0.052135613,0.34105378,333976,0.3046566220327209,STR,STR-unassigned,STR-unassigned
229,25790,0.21788548,0.0,0.36684224,0.068451755,0.53514206,133959,0.1925215924275338,OLF,MOB,MOBmi
961,30566,0.21564025,0.0,0.37071276,0.055109467,0.07538424,202429,0.15099615173715228,lfbs,cc,fp
651,18826,0.21163122,0.0,0.36639777,0.012878226,0.080941096,114420,0.1645341723474917,MY,VII,VII
67,5976,0.21104579,0.08419001,0.30107647,0.048977874,0.28601208,12470,0.4792301523656776,HY,ADP,ADP
221,24323,0.20303318,0.0,0.36525437,0.07198624,0.561928,129551,0.18774845427669412,OLF,MOB,MOBipl
701,4139,0.20214733,0.0,0.3354798,0.050969075,0.42351043,41766,0.09909974620504716,MY,CU,CU
1322,3341,0.19863048,0.0,0.37120393,0.012006744,0.22549912,7735,0.4319327731092437,MB,IPN,IPL
216,18201,0.19846812,0.069146216,0.2928956,0.099586345,0.4903173,35833,0.5079396087405464,HY,ARH,ARH
887,10403,0.19742996,0.0,0.34267217,0.036386706,0.075748734,41933,0.24808623279994277,Isocortex,VISC,VISC1
632,10152,0.19590853,0.0,0.38176954,0.037071202,0.19680989,19315,0.5256018638363966,MY,NTB,NTB
1005,67967,0.19364126,0.070086524,0.28075245,0.08417387,0.39721373,518987,0.13096089112058684,cm,In,onl
100,8616,0.18970796,0.0,0.36957747,0.014666984,0.1147527,24402,0.35308581263830835,P,SOC,SOCm
239,7699,0.18070447,0.0,0.32661256,0.017187612,0.13747434,17217,0.4471743044665156,MB,RR,RR
58,5409,0.17749713,0.0,0.31485748,0.051576123,0.39856103,16449,0.3288345796097027,HY,PVHd,PVHd
1097,11358,0.1743296,0.0,0.35791618,0.06219162,0.34477416,103666,0.10956340555244728,lfbs,cc,ccg
832,61689,0.17367747,0.12845585,0.2066419,0.10776997,0.49471477,144018,0.42834229054701495,MB,SCs,SCsg
988,11665,0.15222114,0.0,0.33022323,0.008759319,0.21412282,52997,0.2201067984980282,STR,FS,FS
763,3049,0.15000668,0.0,0.28877938,0.0134225795,0.19180521,35344,0.086266410140335,MY,XII,XII
1098,5038,0.14371148,0.0,0.29731467,0.017483016,0.34120995,12088,0.41677696889477167,HY,PS,PS
135,5129,0.14026348,0.0,0.3256483,0.0154835135,0.2209031,50645,0.10127357093493929,AQ,AQ,AQ
787,81859,0.13832282,0.0,0.30139068,0.028111737,0.32214317,194819,0.4201797565945827,HY,ZI,ZI-unassigned
549,35600,0.1380323,0.0,0.2873559,0.034716763,0.35642982,93513,0.38069573214419383,STR,CEA,CEAm
171,18308,0.1372663,0.0,0.3201128,0.02023186,0.23960498,50705,0.36106892811359825,TH,LGv,LGv
381,53759,0.13690183,0.0,0.32322574,0.031956967,0.06570698,240832,0.22322199707680043,HPF,CA1,CA1slm
341,64408,0.13376054,0.0,0.28036866,0.036352027,0.418888,167475,0.3845827735482908,PAL,BST,BST
181,2157,0.1276408,0.0,0.2960148,0.04771946,0.2645745,19259,0.11199958460979283,OLF,AOB,AOBgl
170,1539,0.12555353,0.0024949634,0.25707757,0.013297982,0.20337963,3741,0.4113873295910184,MY,NR,NR
93,3510,0.12449734,0.0,0.3238838,0.032928433,0.48978218,17067,0.20566004570223237,VL,SEZ,SEZ
1320,3963,0.12329013,0.0,0.3025416,0.0094739245,0.42526463,8551,0.463454566717343,MB,IPN,IPC
904,928,0.12291877,0.031749368,0.21811736,0.051227715,0.48816362,1466,0.6330150068212824,HY,PD,PD
898,5083,0.120193325,0.0,0.2794,0.014964242,0.37502846,26558,0.1913924241283229,mfbs,mfbc,act
1310,3662,0.112007454,0.0,0.2772518,0.00863965,0.15886565,10658,0.34359166823043724,CB,VeCB,VeCB
534,12977,0.10925304,0.0,0.29602826,0.02008184,0.4332681,38653,0.3357307324140429,STR,CEA,CEAc
5,46351,0.10895435,0.0,0.2984148,0.010601477,0.24010149,297325,0.15589338266207012,lfbs,cst,int
224,2011,0.10188495,0.0,0.27662763,0.0072089056,0.15641634,5386,0.3733754177497215,MB,AT,AT
337,6527,0.100992516,0.0,0.25826138,0.021541046,0.57044894,13698,0.476492918674259,HY,SBPV,SBPV
1323,1686,0.09605895,0.0,0.2635594,0.009947194,0.35617152,4008,0.42065868263473055,MB,IPN,IPI
1011,63078,0.092526466,0.0,0.2660602,0.00588428,0.23006612,195590,0.3225011503655606,PAL,GPe,GPe
88,1842,0.089821815,0.0,0.2578102,0.0059760017,0.2164935,7510,0.2452729693741678,cm,Vn,moV
747,1957,0.08716409,0.0,0.26242036,0.014137311,0.16948824,4680,0.4181623931623932,MB,VTN,VTN
251,99941,0.08648465,0.0,0.25895083,0.011282255,0.42448106,235295,0.4247476571962855,STR,LSr,LSr
976,20494,0.08469998,0.0,0.2636002,0.017650925,0.11406803,117635,0.17421685722786587,lfbs,cc,ccs
870,6622,0.080026604,0.0,0.2436232,0.010610411,0.51861227,12961,0.5109173674870766,P,DTN,DTN
829,1270,0.07407115,0.0,0.21917038,0.005608434,0.10949507,21817,0.05821148645551634,MY,DMX,DMX
258,32243,0.07003972,0.0,0.20903827,0.01515049,0.51323146,75897,0.42482575068843303,STR,LSv,LSv
364,8617,0.0698986,0.0,0.22388652,0.0037580589,0.1189665,24590,0.35042700284668565,MB,SNc,SNc
276,3821,0.06745929,0.0,0.22505899,0.008957172,0.64323664,8242,0.4636010677020141,HY,SCH,SCH
200,762,0.05608637,0.0,0.1481562,0.02206994,0.48315033,6591,0.11561219845243514,MY,AP,AP
95,284,0.0539842,0.0,0.21693341,0.0028201395,0.29352692,1296,0.2191358024691358,MB,IPN,IPN-unassigned
655,15748,0.050955333,0.0,0.19630474,0.006061869,0.09182996,110155,0.14296218964186827,cm,In,lot
541,12484,0.04854431,0.0,0.21107377,0.022958528,0.53261286,32450,0.38471494607087825,STR,CEA,CEAl
53,1075,0.04786082,0.0,0.16760352,0.003822435,0.15005606,5373,0.2000744463056021,MB,MT,MT
323,1475,0.04706583,0.0,0.17199574,0.015465038,0.6669816,4638,0.3180250107805088,STR,SH,SH
51,214859,0.036830228,0.0,0.17750457,0.003517681,0.5788543,550792,0.39009099623814436,STR,ACB,ACB
311,743,0.031971928,0.0,0.16653319,0.0008749341,0.20339316,3352,0.22165871121718378,TH,SubG,SubG
914,15082,0.030247863,0.0,0.17005457,0.002944212,0.092641495,110338,0.13668908263698817,lfbs,cst,cpd
744,177779,0.02704464,0.0,0.14757696,0.0028191817,0.53139544,478066,0.3718712479030092,STR,OT,OT
662,1303493,0.025432197,0.0,0.15149944,0.0069905478,0.49993977,3252597,0.4007545355296091,STR,CP,CP
255,86265,0.024330769,0.0,0.13476945,0.0045001134,0.3921183,180846,0.477008062108092,TH,RT,RT
243,25683,0.021664187,0.0,0.1362041,0.005247426,0.36387247,70501,0.3642927050680132,STR,LSc,LSc
371,61004,0.012831182,0.0,0.100683615,0.0008160955,0.12440722,193652,0.3150186933261727,MB,SNr,SNr
520,851,0.010575793,0.0,0.10235359,0.00017316933,0.27045476,4736,0.1796875,mfbs,mfbc,df
838,382,0.0031966192,0.0,0.01575535,0.0012587337,0.22163765,8829,0.04326650809831238,cm,IIn,IIn-unassigned
322,393,0.0020162675,0.0,0.008328219,0.0017708123,0.6334369,770,0.5103896103896104,HY,ASO,ASO
822,484,0.0,0.0,0.0,0.0,0.13440573,996,0.4859437751004016,cm,IIIn,IIIn-unassigned
